se ze,gen di,qiao sheng,wen li,qi bu,chu gan,hao gua
qing lv,quan suo,zhuo xiang,qing xi,ao xian,ying hua,yes
wu hei,quan suo,chen men,qing xi,ao xian,ying hua,yes
wu hei,quan suo,zhuo xiang,qing xi,ao xian,ying hua,yes
qing lv,quan suo,chen men,qing xi,ao xian,ying hua,yes
qian bai,quan suo,zhuo xiang,qing xi,ao xian,ying hua,yes
qing lv,shao quan,zhuo xiang,qing xi,shao ao,ruan nian,yes
wu hei,shao quan,zhuo xiang,shao hu,shao ao,ruan nian,yes
wu hei,shao quan,zhuo xiang,qing xi,shao ao,ying hua,yes
wu hei,shao quan,chen men,shao hu,shao ao,ying hua,no
qing lv,ying ting,qing cun,qing xi,ping tan,ruan nian,no
qian bai,ying ting,qing cun,mo hu,ping tan,ying hua,no
qian bai,quan suo,zhuo xiang,mo hu,ping tan,ruan nian,no
qing lv,shao quan,zhuo xiang,shao hu,ao xian,ying hua,no
qian bai,shao quan,chen men,shao hu,ao xian,ying hua,no
wu hei,shao quan,zhuo xiang,qing xi,shao ao,ruan nian,no
qian bai,quan suo,zhuo xiang,mo hu,ping tan,ying hua,no
qing lv,quan suo,chen men,shao hu,shao ao,ying hua,no
